"","year","sphere","variable","val","prop","prop_low","prop_upp"
"1",1976,"Public","jobopp","Conventional",0.247079698544688,0.225828611512315,0.268330785577061
"2",1976,"Public","jobopp","Feminist",0.752920301455312,0.731669214422939,0.774171388487685
"3",1976,"Public","lead","Conventional",0.177731775872143,0.159104807007433,0.196358744736852
"4",1976,"Public","lead","Feminist",0.822268224127857,0.803641255263148,0.840895192992567
"5",1976,"Employed Mothers","suffer","Conventional",0.748336537254294,0.727917483655765,0.768755590852824
"6",1976,"Employed Mothers","suffer","Feminist",0.251663462745706,0.231244409147176,0.272082516344235
"7",1976,"Employed Mothers","warm","Conventional",0.50761496402075,0.483580091568737,0.531649836472763
"8",1976,"Employed Mothers","warm","Feminist",0.49238503597925,0.468350163527237,0.516419908431263
"9",1976,"Family","hdecide","Conventional",0.427290104183772,0.403262011045787,0.451318197321757
"10",1976,"Family","hdecide","Feminist",0.572709895816228,0.548681802678243,0.596737988954213
"11",1976,"Family","home","Conventional",0.717876682140763,0.696945308191488,0.738808056090037
"12",1976,"Family","home","Feminist",0.282123317859237,0.261191943909963,0.303054691808512
"13",1977,"Public","jobopp","Conventional",0.231815561880343,0.213684887533948,0.249946236226738
"14",1977,"Public","jobopp","Feminist",0.768184438119657,0.750053763773262,0.786315112466052
"15",1977,"Public","lead","Conventional",0.154121037312905,0.13892194967107,0.169320124954741
"16",1977,"Public","lead","Feminist",0.845878962687095,0.830679875045259,0.86107805032893
"17",1977,"Employed Mothers","suffer","Conventional",0.741902017150307,0.723770969622021,0.760033064678593
"18",1977,"Employed Mothers","suffer","Feminist",0.258097982849693,0.239966935321407,0.276229030377979
"19",1977,"Employed Mothers","warm","Conventional",0.481498558993559,0.460630314925382,0.502366803061736
"20",1977,"Employed Mothers","warm","Feminist",0.518501441006441,0.497633196938264,0.539369685074618
"21",1977,"Family","hdecide","Conventional",0.409285071389645,0.388732036714972,0.429838106064318
"22",1977,"Family","hdecide","Feminist",0.590714928610355,0.570161893935682,0.611267963285028
"23",1977,"Family","home","Conventional",0.676887607916812,0.657570934061202,0.696204281772422
"24",1977,"Family","home","Feminist",0.323112392083188,0.303795718227578,0.342429065938798
"25",1978,"Public","jobopp","Conventional",0.216316198750532,0.199968236269765,0.232664161231298
"26",1978,"Public","jobopp","Feminist",0.783683801249468,0.767335838768702,0.800031763730235
"27",1978,"Public","lead","Conventional",0.150214174428499,0.136025682264202,0.164402666592795
"28",1978,"Public","lead","Feminist",0.849785825571501,0.835597333407205,0.863974317735798
"29",1978,"Employed Mothers","suffer","Conventional",0.705023364478581,0.68727610575693,0.722770623200232
"30",1978,"Employed Mothers","suffer","Feminist",0.294976635521419,0.277229376799768,0.31272389424307
"31",1978,"Employed Mothers","warm","Conventional",0.452784267464102,0.433418135851034,0.472150399077171
"32",1978,"Employed Mothers","warm","Feminist",0.547215732535898,0.527849600922829,0.566581864148966
"33",1978,"Family","hdecide","Conventional",0.390381489520765,0.371454541279633,0.409308437761898
"34",1978,"Family","hdecide","Feminist",0.609618510479235,0.590691562238102,0.628545458720367
"35",1978,"Family","home","Conventional",0.633859033947881,0.615204143408814,0.652513924486948
"36",1978,"Family","home","Feminist",0.366140966052119,0.347486075513052,0.384795856591186
"37",1979,"Public","jobopp","Conventional",0.20927505380151,0.19264965875292,0.2259004488501
"38",1979,"Public","jobopp","Feminist",0.79072494619849,0.7740995511499,0.80735034124708
"39",1979,"Public","lead","Conventional",0.136460554741068,0.122113925844308,0.150807183637828
"40",1979,"Public","lead","Feminist",0.863539445258932,0.849192816362172,0.877886074155692
"41",1979,"Employed Mothers","suffer","Conventional",0.712473347717329,0.693974117866031,0.730972577568627
"42",1979,"Employed Mothers","suffer","Feminist",0.287526652282671,0.269027422431373,0.306025882133969
"43",1979,"Employed Mothers","warm","Conventional",0.452771855051473,0.432355358959087,0.473188351143858
"44",1979,"Employed Mothers","warm","Feminist",0.547228144948527,0.526811648856142,0.567644641040913
"45",1979,"Family","hdecide","Conventional",0.370165145480564,0.350352206150187,0.389978084810942
"46",1979,"Family","hdecide","Feminist",0.629834854519436,0.610021915189058,0.649647793849813
"47",1979,"Family","home","Conventional",0.636247335043597,0.616371558729503,0.656123111357691
"48",1979,"Family","home","Feminist",0.363752664956403,0.343876888642309,0.383628441270497
"49",1980,"Public","jobopp","Conventional",0.205565142250047,0.188228631713154,0.22290165278694
"50",1980,"Public","jobopp","Feminist",0.794434857749953,0.77709834721306,0.811771368286846
"51",1980,"Public","lead","Conventional",0.147001725433797,0.131895346614996,0.162108104252598
"52",1980,"Public","lead","Feminist",0.852998274566203,0.837891895747402,0.868104653385004
"53",1980,"Employed Mothers","suffer","Conventional",0.694887834176623,0.675340179338163,0.714435489015083
"54",1980,"Employed Mothers","suffer","Feminist",0.305112165823377,0.285564510984917,0.324659820661837
"55",1980,"Employed Mothers","warm","Conventional",0.42773943035161,0.40669778126192,0.448781079441301
"56",1980,"Employed Mothers","warm","Feminist",0.57226056964839,0.551218920558699,0.59330221873808
"57",1980,"Family","hdecide","Conventional",0.384145033485296,0.363632288388928,0.404657778581665
"58",1980,"Family","hdecide","Feminist",0.615854966514704,0.595342221418335,0.636367711611072
"59",1980,"Family","home","Conventional",0.623921483718193,0.603378904087235,0.644464063349151
"60",1980,"Family","home","Feminist",0.376078516281807,0.355535936650849,0.396621095912764
"61",1981,"Public","jobopp","Conventional",0.185705916875739,0.169579313799859,0.20183251995162
"62",1981,"Public","jobopp","Feminist",0.814294083124261,0.79816748004838,0.830420686200141
"63",1981,"Public","lead","Conventional",0.114040226654398,0.10103941433175,0.127041038977046
"64",1981,"Public","lead","Feminist",0.885959773345602,0.872958961022954,0.89896058566825
"65",1981,"Employed Mothers","suffer","Conventional",0.661198984862076,0.64178884942713,0.680609120297022
"66",1981,"Employed Mothers","suffer","Feminist",0.338801015137924,0.319390879702978,0.35821115057287
"67",1981,"Employed Mothers","warm","Conventional",0.392208553049212,0.372217330856315,0.412199775242109
"68",1981,"Employed Mothers","warm","Feminist",0.607791446950788,0.587800224757891,0.627782669143685
"69",1981,"Family","hdecide","Conventional",0.378224874802218,0.358401245168627,0.398048504435809
"70",1981,"Family","hdecide","Feminist",0.621775125197782,0.601951495564191,0.641598754831373
"71",1981,"Family","home","Conventional",0.606229251779976,0.586417412816181,0.626041090743771
"72",1981,"Family","home","Feminist",0.393770748220024,0.373958909256229,0.413582587183819
"73",1982,"Public","jobopp","Conventional",0.199582753874856,0.183113721886176,0.216051785863537
"74",1982,"Public","jobopp","Feminist",0.800417246125144,0.783948214136463,0.816886278113824
"75",1982,"Public","lead","Conventional",0.131134512436062,0.117208980044841,0.145060044827283
"76",1982,"Public","lead","Feminist",0.868865487563938,0.854939955172717,0.882791019955159
"77",1982,"Employed Mothers","suffer","Conventional",0.658851579632808,0.639391301470493,0.678311857795123
"78",1982,"Employed Mothers","suffer","Feminist",0.341148420367192,0.321688142204877,0.360608698529506
"79",1982,"Employed Mothers","warm","Conventional",0.409994039305823,0.389898174779787,0.430089903831859
"80",1982,"Employed Mothers","warm","Feminist",0.590005960694177,0.569910096168141,0.610101825220213
"81",1982,"Family","hdecide","Conventional",0.376123876344597,0.356126259122483,0.396121493566712
"82",1982,"Family","hdecide","Feminist",0.623876123655402,0.603878506433288,0.643873740877517
"83",1982,"Family","home","Conventional",0.577786608451169,0.557610309777502,0.597962907124837
"84",1982,"Family","home","Feminist",0.422213391548831,0.402037092875164,0.442389690222498
"85",1983,"Public","jobopp","Conventional",0.180268764740884,0.164140881919315,0.196396647562452
"86",1983,"Public","jobopp","Feminist",0.819731235259116,0.803603352437548,0.835859118080685
"87",1983,"Public","lead","Conventional",0.117884846527581,0.104747791121636,0.131021901933527
"88",1983,"Public","lead","Feminist",0.882115153472419,0.868978098066473,0.895252208878364
"89",1983,"Employed Mothers","suffer","Conventional",0.646017698691666,0.625958281130731,0.666077116252601
"90",1983,"Employed Mothers","suffer","Feminist",0.353982301308334,0.333922883747399,0.374041718869269
"91",1983,"Employed Mothers","warm","Conventional",0.417786517445528,0.397041069416195,0.438531965474861
"92",1983,"Employed Mothers","warm","Feminist",0.582213482554472,0.561468034525139,0.602958930583806
"93",1983,"Family","hdecide","Conventional",0.382429784704452,0.362085508330386,0.402774061078518
"94",1983,"Family","hdecide","Feminist",0.617570215295548,0.597225938921482,0.637914491669614
"95",1983,"Family","home","Conventional",0.550202119589687,0.529355954472687,0.571048284706687
"96",1983,"Family","home","Feminist",0.449797880410313,0.428951715293313,0.470644045527314
"97",1984,"Public","jobopp","Conventional",0.182252332376022,0.165539842654343,0.198964822097701
"98",1984,"Public","jobopp","Feminist",0.817747667623978,0.801035177902299,0.834460157345657
"99",1984,"Public","lead","Conventional",0.1241670367702,0.10992422656538,0.138409846975019
"100",1984,"Public","lead","Feminist",0.8758329632298,0.861590153024981,0.89007577343462
"101",1984,"Employed Mothers","suffer","Conventional",0.648489560604567,0.62831336030119,0.668665760907943
"102",1984,"Employed Mothers","suffer","Feminist",0.351510439395433,0.331334239092056,0.37168663969881
"103",1984,"Employed Mothers","warm","Conventional",0.368725011479993,0.348222175800465,0.389227847159521
"104",1984,"Employed Mothers","warm","Feminist",0.631274988520007,0.610772152840479,0.651777824199535
"105",1984,"Family","hdecide","Conventional",0.356676105508898,0.336512539764796,0.376839671252999
"106",1984,"Family","hdecide","Feminist",0.643323894491102,0.623160328747001,0.663487460235204
"107",1984,"Family","home","Conventional",0.556863616425717,0.535796856354252,0.577930376497183
"108",1984,"Family","home","Feminist",0.443136383574283,0.422069623502817,0.464203143645748
"109",1985,"Public","jobopp","Conventional",0.171360973224422,0.155282325619484,0.187439620829359
"110",1985,"Public","jobopp","Feminist",0.828639026775578,0.812560379170641,0.844717674380516
"111",1985,"Public","lead","Conventional",0.133168093651459,0.118587290284684,0.147748897018234
"112",1985,"Public","lead","Feminist",0.866831906348541,0.852251102981766,0.881412709715316
"113",1985,"Employed Mothers","suffer","Conventional",0.633844073923008,0.61331050860458,0.654377639241435
"114",1985,"Employed Mothers","suffer","Feminist",0.366155926076992,0.345622360758565,0.386689491395419
"115",1985,"Employed Mothers","warm","Conventional",0.373479044590474,0.352881438530071,0.394076650650876
"116",1985,"Employed Mothers","warm","Feminist",0.626520955409526,0.605923349349124,0.647118561469929
"117",1985,"Family","hdecide","Conventional",0.342386465293385,0.322252073564102,0.362520857022668
"118",1985,"Family","hdecide","Feminist",0.657613534706615,0.637479142977332,0.677747926435899
"119",1985,"Family","home","Conventional",0.51397025688972,0.492677195164324,0.535263318615115
"120",1985,"Family","home","Feminist",0.48602974311028,0.464736681384885,0.507322804835676
"121",1986,"Public","jobopp","Conventional",0.153735287228755,0.137212180395206,0.170258394062304
"122",1986,"Public","jobopp","Feminist",0.846264712771245,0.829741605937696,0.862787819604794
"123",1986,"Public","lead","Conventional",0.1101369205314,0.095850003294567,0.124423837768233
"124",1986,"Public","lead","Feminist",0.8898630794686,0.875576162231767,0.904149996705433
"125",1986,"Employed Mothers","suffer","Conventional",0.622507807233382,0.600364756664868,0.644650857801897
"126",1986,"Employed Mothers","suffer","Feminist",0.377492192766618,0.355349142198103,0.399635243335132
"127",1986,"Employed Mothers","warm","Conventional",0.374369445311153,0.35220988648608,0.396529004136226
"128",1986,"Employed Mothers","warm","Feminist",0.625630554688847,0.603470995863774,0.64779011351392
"129",1986,"Family","hdecide","Conventional",0.340428119605476,0.318658333907952,0.362197905303
"130",1986,"Family","hdecide","Feminist",0.659571880394524,0.637802094697,0.681341666092048
"131",1986,"Family","home","Conventional",0.490391544831574,0.467496587080701,0.513286502582448
"132",1986,"Family","home","Feminist",0.509608455168426,0.486713497417552,0.532503412919299
"133",1987,"Public","jobopp","Conventional",0.139519055920186,0.124178403854133,0.15485970798624
"134",1987,"Public","jobopp","Feminist",0.860480944079814,0.84514029201376,0.875821596145867
"135",1987,"Public","lead","Conventional",0.101406533343735,0.0877635775238457,0.115049489163625
"136",1987,"Public","lead","Feminist",0.898593466656265,0.884950510836375,0.912236422476154
"137",1987,"Employed Mothers","suffer","Conventional",0.621370235822759,0.599798088170424,0.642942383475093
"138",1987,"Employed Mothers","suffer","Feminist",0.378629764177241,0.357057616524907,0.400201911829576
"139",1987,"Employed Mothers","warm","Conventional",0.390086206595417,0.368346019128422,0.411826394062412
"140",1987,"Employed Mothers","warm","Feminist",0.609913793404583,0.588173605937588,0.631653980871578
"141",1987,"Family","hdecide","Conventional",0.332505923371639,0.311649718222418,0.35336212852086
"142",1987,"Family","hdecide","Feminist",0.667494076628361,0.64663787147914,0.688350281777582
"143",1987,"Family","home","Conventional",0.479015426030616,0.456701924091174,0.501328927970058
"144",1987,"Family","home","Feminist",0.520984573969384,0.498671072029942,0.543298075908826
"145",1988,"Public","jobopp","Conventional",0.147049016232598,0.131413370283966,0.16268466218123
"146",1988,"Public","jobopp","Feminist",0.852950983767402,0.83731533781877,0.868586629716034
"147",1988,"Public","lead","Conventional",0.121929532153347,0.107735082916566,0.136123981390128
"148",1988,"Public","lead","Feminist",0.878070467846653,0.863876018609872,0.892264917083434
"149",1988,"Employed Mothers","suffer","Conventional",0.643436701022762,0.622535724123644,0.66433767792188
"150",1988,"Employed Mothers","suffer","Feminist",0.356563298977238,0.33566232207812,0.377464275876356
"151",1988,"Employed Mothers","warm","Conventional",0.379126375725237,0.357919392159188,0.400333359291285
"152",1988,"Employed Mothers","warm","Feminist",0.620873624274763,0.599666640708715,0.642080607840812
"153",1988,"Family","hdecide","Conventional",0.336185261083714,0.315475090907931,0.356895431259497
"154",1988,"Family","hdecide","Feminist",0.663814738916286,0.643104568740503,0.684524909092069
"155",1988,"Family","home","Conventional",0.456263199161787,0.434420566678929,0.478105831644645
"156",1988,"Family","home","Feminist",0.543736800838213,0.521894168355355,0.565579433321071
"157",1989,"Public","jobopp","Conventional",0.138532716582923,0.12180701845543,0.155258414710416
"158",1989,"Public","jobopp","Feminist",0.861467283417077,0.844741585289584,0.87819298154457
"159",1989,"Public","lead","Conventional",0.101123595804843,0.0865488811646876,0.115698310444998
"160",1989,"Public","lead","Feminist",0.898876404195157,0.884301689555002,0.913451118835312
"161",1989,"Employed Mothers","suffer","Conventional",0.613350958480507,0.590180509165994,0.63652140779502
"162",1989,"Employed Mothers","suffer","Feminist",0.386649041519493,0.36347859220498,0.409819490834006
"163",1989,"Employed Mothers","warm","Conventional",0.381758096270637,0.358318726098885,0.405197466442388
"164",1989,"Employed Mothers","warm","Feminist",0.618241903729363,0.594802533557612,0.641681273901115
"165",1989,"Family","hdecide","Conventional",0.339973787789255,0.317534378814818,0.362413196763692
"166",1989,"Family","hdecide","Feminist",0.660026212210745,0.637586803236307,0.682465621185182
"167",1989,"Family","home","Conventional",0.453007270395533,0.429167507224785,0.476847033566281
"168",1989,"Family","home","Feminist",0.546992729604467,0.523152966433719,0.570832492775216
"169",1990,"Public","jobopp","Conventional",0.135723617437346,0.119342350458392,0.1521048844163
"170",1990,"Public","jobopp","Feminist",0.864276382562654,0.8478951155837,0.880657649541608
"171",1990,"Public","lead","Conventional",0.100885469593659,0.0862238223284564,0.115547116858861
"172",1990,"Public","lead","Feminist",0.899114530406341,0.884452883141139,0.913776177671544
"173",1990,"Employed Mothers","suffer","Conventional",0.615183625888382,0.590987296161887,0.639379955614877
"174",1990,"Employed Mothers","suffer","Feminist",0.384816374111618,0.360620044385123,0.409012703838113
"175",1990,"Employed Mothers","warm","Conventional",0.359413557761095,0.335737400335777,0.383089715186413
"176",1990,"Employed Mothers","warm","Feminist",0.640586442238905,0.616910284813587,0.664262599664223
"177",1990,"Family","hdecide","Conventional",0.322623239811405,0.299479409794981,0.345767069827828
"178",1990,"Family","hdecide","Feminist",0.677376760188595,0.654232930172172,0.700520590205019
"179",1990,"Family","home","Conventional",0.427493104377272,0.403029214264827,0.451956994489716
"180",1990,"Family","home","Feminist",0.572506895622728,0.548043005510284,0.596970785735173
"181",1991,"Public","jobopp","Conventional",0.130481612290393,0.112414186468619,0.148549038112168
"182",1991,"Public","jobopp","Feminist",0.869518387709607,0.851450961887832,0.887585813531381
"183",1991,"Public","lead","Conventional",0.0953992922806303,0.0801521111371906,0.11064647342407
"184",1991,"Public","lead","Feminist",0.90460070771937,0.88935352657593,0.919847888862809
"185",1991,"Employed Mothers","suffer","Conventional",0.60086167107131,0.574746727448037,0.626976614694583
"186",1991,"Employed Mothers","suffer","Feminist",0.39913832892869,0.373023385305417,0.425253272551963
"187",1991,"Employed Mothers","warm","Conventional",0.370518541036617,0.344693160321395,0.396343921751839
"188",1991,"Employed Mothers","warm","Feminist",0.629481458963383,0.603656078248161,0.655306839678605
"189",1991,"Family","hdecide","Conventional",0.323259660145488,0.298555569914144,0.347963750376832
"190",1991,"Family","hdecide","Feminist",0.676740339854512,0.652036249623168,0.701444430085856
"191",1991,"Family","home","Conventional",0.44853054315963,0.42199984447313,0.47506124184613
"192",1991,"Family","home","Feminist",0.55146945684037,0.524938758153869,0.57800015552687
"193",1992,"Public","jobopp","Conventional",0.130887810070536,0.113087423416496,0.148688196724576
"194",1992,"Public","jobopp","Feminist",0.869112189929464,0.851311803275424,0.886912576583504
"195",1992,"Public","lead","Conventional",0.088638310080635,0.0742806339492418,0.102995986212028
"196",1992,"Public","lead","Feminist",0.911361689919365,0.897004013787972,0.925719366050758
"197",1992,"Employed Mothers","suffer","Conventional",0.550528118688548,0.524447194312424,0.576609043064672
"198",1992,"Employed Mothers","suffer","Feminist",0.449471881311452,0.423390956935328,0.475552805687576
"199",1992,"Employed Mothers","warm","Conventional",0.336568655200372,0.311927982029065,0.361209328371679
"200",1992,"Employed Mothers","warm","Feminist",0.663431344799628,0.638790671628321,0.688072017970935
"201",1992,"Family","hdecide","Conventional",0.304922643858674,0.281106285730154,0.328739001987195
"202",1992,"Family","hdecide","Feminist",0.695077356141326,0.671260998012805,0.718893714269846
"203",1992,"Family","home","Conventional",0.423494147693537,0.397672543526242,0.449315751860833
"204",1992,"Family","home","Feminist",0.576505852306463,0.550684248139167,0.602327456473758
"205",1993,"Public","jobopp","Conventional",0.110317233519432,0.0928940171219125,0.127740449916951
"206",1993,"Public","jobopp","Feminist",0.889682766480568,0.872259550083049,0.907105982878088
"207",1993,"Public","lead","Conventional",0.0833095171270976,0.0673541417239005,0.0992648925302948
"208",1993,"Public","lead","Feminist",0.916690482872902,0.900735107469705,0.9326458582761
"209",1993,"Employed Mothers","suffer","Conventional",0.541726207679103,0.516085182723365,0.567367232634841
"210",1993,"Employed Mothers","suffer","Feminist",0.458273792320897,0.432632767365159,0.483914817276635
"211",1993,"Employed Mothers","warm","Conventional",0.309374107437024,0.285798105096134,0.332950109777914
"212",1993,"Employed Mothers","warm","Feminist",0.690625892562976,0.667049890222086,0.714201894903866
"213",1993,"Family","hdecide","Conventional",0.294126013442776,0.27049265245268,0.317759374432873
"214",1993,"Family","hdecide","Feminist",0.705873986557224,0.682240625567127,0.72950734754732
"215",1993,"Family","home","Conventional",0.403972564010922,0.378597328382201,0.429347799639644
"216",1993,"Family","home","Feminist",0.596027435989078,0.570652200360356,0.621402671617799
"217",1994,"Public","jobopp","Conventional",0.133696309926813,0.115915660881608,0.151476958972017
"218",1994,"Public","jobopp","Feminist",0.866303690073188,0.848523041027983,0.884084339118392
"219",1994,"Public","lead","Conventional",0.0856019357354587,0.0709952305030123,0.100208640967905
"220",1994,"Public","lead","Feminist",0.914398064264541,0.899791359032095,0.929004769496988
"221",1994,"Employed Mothers","suffer","Conventional",0.517392619590699,0.491727415703607,0.54305782347779
"222",1994,"Employed Mothers","suffer","Feminist",0.482607380409301,0.45694217652221,0.508272584296393
"223",1994,"Employed Mothers","warm","Conventional",0.328493648405118,0.30415492910337,0.352832367706865
"224",1994,"Employed Mothers","warm","Feminist",0.671506351594882,0.647167632293135,0.69584507089663
"225",1994,"Family","hdecide","Conventional",0.296042380297525,0.271881877590188,0.320202883004861
"226",1994,"Family","hdecide","Feminist",0.703957619702475,0.679797116995139,0.728118122409812
"227",1994,"Family","home","Conventional",0.417120386822566,0.39180108806565,0.442439685579481
"228",1994,"Family","home","Feminist",0.582879613177435,0.557560314420519,0.60819891193435
"229",1995,"Public","jobopp","Conventional",0.112217194766888,0.0959589238468961,0.128475465686881
"230",1995,"Public","jobopp","Feminist",0.887782805233112,0.871524534313119,0.904041076153104
"231",1995,"Public","lead","Conventional",0.088687782734241,0.0735587875248695,0.103816777943612
"232",1995,"Public","lead","Feminist",0.911312217265759,0.896183222056388,0.92644121247513
"233",1995,"Employed Mothers","suffer","Conventional",0.531975867106612,0.506559267247587,0.557392466965637
"234",1995,"Employed Mothers","suffer","Feminist",0.468024132893388,0.442607533034363,0.493440732752413
"235",1995,"Employed Mothers","warm","Conventional",0.320663649855837,0.29688587953405,0.344441420177623
"236",1995,"Employed Mothers","warm","Feminist",0.679336350144163,0.655558579822377,0.70311412046595
"237",1995,"Family","hdecide","Conventional",0.301079976604127,0.277997169384377,0.324162783823878
"238",1995,"Family","hdecide","Feminist",0.698920023395873,0.675837216176122,0.722002830615623
"239",1995,"Family","home","Conventional",0.445248868343825,0.419865477395017,0.470632259292632
"240",1995,"Family","home","Feminist",0.554751131656175,0.529367740707368,0.580134522604983
"241",1996,"Public","jobopp","Conventional",0.119185157417015,0.101062505119306,0.137307809714725
"242",1996,"Public","jobopp","Feminist",0.880814842582985,0.862692190285275,0.898937494880694
"243",1996,"Public","lead","Conventional",0.0894212260404433,0.07246349725112,0.106378954829767
"244",1996,"Public","lead","Feminist",0.910578773959557,0.893621045170233,0.92753650274888
"245",1996,"Employed Mothers","suffer","Conventional",0.545296325346798,0.516807107772761,0.573785542920836
"246",1996,"Employed Mothers","suffer","Feminist",0.454703674653202,0.426214457079164,0.483192892227239
"247",1996,"Employed Mothers","warm","Conventional",0.317437544025099,0.290808490374083,0.344066597676115
"248",1996,"Employed Mothers","warm","Feminist",0.682562455974901,0.655933402323885,0.709191509625917
"249",1996,"Family","hdecide","Conventional",0.299869744834727,0.274485257464981,0.325254232204473
"250",1996,"Family","hdecide","Feminist",0.700130255165273,0.674745767795527,0.725514742535019
"251",1996,"Family","home","Conventional",0.430523784585882,0.402121699292302,0.458925869879462
"252",1996,"Family","home","Feminist",0.569476215414118,0.541074130120538,0.597878300707698
"253",1997,"Public","jobopp","Conventional",0.119017246227789,0.0999833231766113,0.138051169278967
"254",1997,"Public","jobopp","Feminist",0.880982753772211,0.861948830721033,0.900016676823389
"255",1997,"Public","lead","Conventional",0.0890175680651494,0.0720612862856119,0.105973849844687
"256",1997,"Public","lead","Feminist",0.910982431934851,0.894026150155313,0.927938713714388
"257",1997,"Employed Mothers","suffer","Conventional",0.508189784233934,0.479552560129739,0.53682700833813
"258",1997,"Employed Mothers","suffer","Feminist",0.491810215766066,0.46317299166187,0.520447439870261
"259",1997,"Employed Mothers","warm","Conventional",0.309832256163261,0.283085371503363,0.33657914082316
"260",1997,"Employed Mothers","warm","Feminist",0.690167743836739,0.66342085917684,0.716914628496637
"261",1997,"Family","hdecide","Conventional",0.321229593080491,0.294909602717576,0.347549583443406
"262",1997,"Family","hdecide","Feminist",0.678770406919509,0.652450416556594,0.705090397282425
"263",1997,"Family","home","Conventional",0.446825187813191,0.418274596538807,0.475375779087575
"264",1997,"Family","home","Feminist",0.553174812186809,0.524624220912425,0.581725403461193
"265",1998,"Public","jobopp","Conventional",0.131786421462394,0.112015205556848,0.151557637367939
"266",1998,"Public","jobopp","Feminist",0.868213578537606,0.848442362632061,0.887984794443152
"267",1998,"Public","lead","Conventional",0.10585864937629,0.0881333803781777,0.123583918374402
"268",1998,"Public","lead","Feminist",0.89414135062371,0.876416081625598,0.911866619621822
"269",1998,"Employed Mothers","suffer","Conventional",0.497306858393292,0.469090220724074,0.52552349606251
"270",1998,"Employed Mothers","suffer","Feminist",0.502693141606708,0.47447650393749,0.530909779275926
"271",1998,"Employed Mothers","warm","Conventional",0.292020740591338,0.266568414215272,0.317473066967404
"272",1998,"Employed Mothers","warm","Feminist",0.707979259408662,0.682526933032596,0.733431585784728
"273",1998,"Family","hdecide","Conventional",0.312344115921299,0.285732546962577,0.338955684880022
"274",1998,"Family","hdecide","Feminist",0.687655884078701,0.661044315119978,0.714267453037423
"275",1998,"Family","home","Conventional",0.453823366699784,0.425617167425518,0.482029565974051
"276",1998,"Family","home","Feminist",0.546176633300216,0.517970434025949,0.574382832574482
"277",1999,"Public","jobopp","Conventional",0.10081499474992,0.0828297889606437,0.118800200539197
"278",1999,"Public","jobopp","Feminist",0.89918500525008,0.881199799460803,0.917170211039356
"279",1999,"Public","lead","Conventional",0.0970417885737771,0.0783981332159677,0.115685443931586
"280",1999,"Public","lead","Feminist",0.902958211426223,0.884314556068413,0.921601866784032
"281",1999,"Employed Mothers","suffer","Conventional",0.488459628364129,0.458588419242405,0.518330837485853
"282",1999,"Employed Mothers","suffer","Feminist",0.511540371635871,0.481669162514147,0.541411580757595
"283",1999,"Employed Mothers","warm","Conventional",0.296839877606563,0.269800733864898,0.323879021348228
"284",1999,"Employed Mothers","warm","Feminist",0.703160122393437,0.676120978651772,0.730199266135102
"285",1999,"Family","hdecide","Conventional",0.301498621890171,0.274927284382783,0.328069959397558
"286",1999,"Family","hdecide","Feminist",0.698501378109829,0.671930040602442,0.725072715617217
"287",1999,"Family","home","Conventional",0.480452629680068,0.450583042715177,0.510322216644959
"288",1999,"Family","home","Feminist",0.519547370319932,0.489677783355041,0.549416957284823
"289",2000,"Public","jobopp","Conventional",0.106916171888721,0.0865957419863848,0.127236601791058
"290",2000,"Public","jobopp","Feminist",0.893083828111279,0.872763398208942,0.913404258013615
"291",2000,"Public","lead","Conventional",0.0857868685079178,0.0669659351084329,0.104607801907403
"292",2000,"Public","lead","Feminist",0.914213131492082,0.895392198092597,0.933034064891567
"293",2000,"Employed Mothers","suffer","Conventional",0.499121117978291,0.46669678422692,0.531545451729662
"294",2000,"Employed Mothers","suffer","Feminist",0.500878882021709,0.468454548270338,0.53330321577308
"295",2000,"Employed Mothers","warm","Conventional",0.300946857865728,0.271419858258717,0.33047385747274
"296",2000,"Employed Mothers","warm","Feminist",0.699053142134272,0.669526142527261,0.728580141741283
"297",2000,"Family","hdecide","Conventional",0.336849583217133,0.306128382545282,0.367570783888984
"298",2000,"Family","hdecide","Feminist",0.663150416782867,0.632429216111016,0.693871617454718
"299",2000,"Family","home","Conventional",0.471054951137278,0.438692514154277,0.503417388120279
"300",2000,"Family","home","Feminist",0.528945048862722,0.496582611879721,0.561307485845723
"301",2001,"Public","jobopp","Conventional",0.125499455904186,0.102729934379393,0.148268977428979
"302",2001,"Public","jobopp","Feminist",0.874500544095814,0.851731022571021,0.897270065620607
"303",2001,"Public","lead","Conventional",0.0954794806859021,0.0750066468060827,0.115952314565721
"304",2001,"Public","lead","Feminist",0.904520519314098,0.884047685434279,0.924993353193917
"305",2001,"Employed Mothers","suffer","Conventional",0.508982562836453,0.475711080911203,0.542254044761703
"306",2001,"Employed Mothers","suffer","Feminist",0.491017437163547,0.457745955238297,0.524288919088797
"307",2001,"Employed Mothers","warm","Conventional",0.311422302674236,0.280554393119369,0.342290212229103
"308",2001,"Employed Mothers","warm","Feminist",0.688577697325764,0.657709787770897,0.719445606880631
"309",2001,"Family","hdecide","Conventional",0.332568528304695,0.302076996917341,0.36306005969205
"310",2001,"Family","hdecide","Feminist",0.667431471695305,0.63693994030795,0.697923003082659
"311",2001,"Family","home","Conventional",0.482132174844798,0.448853731879245,0.515410617810351
"312",2001,"Family","home","Feminist",0.517867825155202,0.484589382189649,0.551146268120755
"313",2002,"Public","jobopp","Conventional",0.111080167443132,0.0908535946115564,0.131306740274707
"314",2002,"Public","jobopp","Feminist",0.888919832556868,0.868693259725293,0.909146405388444
"315",2002,"Public","lead","Conventional",0.0668064904168191,0.0514855634665962,0.082127417367042
"316",2002,"Public","lead","Feminist",0.933193509583181,0.917872582632958,0.948514436533404
"317",2002,"Employed Mothers","suffer","Conventional",0.460273499191547,0.42783155262934,0.492715445753754
"318",2002,"Employed Mothers","suffer","Feminist",0.539726500808453,0.507284554246246,0.57216844737066
"319",2002,"Employed Mothers","warm","Conventional",0.277010230731637,0.248627809373746,0.305392652089528
"320",2002,"Employed Mothers","warm","Feminist",0.722989769268363,0.694607347910472,0.751372190626254
"321",2002,"Family","hdecide","Conventional",0.31673604588794,0.28726306949381,0.346209022282071
"322",2002,"Family","hdecide","Feminist",0.68326395411206,0.653790977717929,0.71273693050619
"323",2002,"Family","home","Conventional",0.48828395844012,0.455722838252533,0.520845078627707
"324",2002,"Family","home","Feminist",0.51171604155988,0.479154921372294,0.544277161747467
"325",2003,"Public","jobopp","Conventional",0.122677952692052,0.10250569145139,0.142850213932713
"326",2003,"Public","jobopp","Feminist",0.877322047307948,0.857149786067287,0.89749430854861
"327",2003,"Public","lead","Conventional",0.107012903905941,0.087814159400917,0.126211648410965
"328",2003,"Public","lead","Feminist",0.892987096094059,0.873788351589035,0.912185840599083
"329",2003,"Employed Mothers","suffer","Conventional",0.47861494558219,0.447850773648999,0.50937911751538
"330",2003,"Employed Mothers","suffer","Feminist",0.52138505441781,0.49062088248462,0.552149226351001
"331",2003,"Employed Mothers","warm","Conventional",0.307219612838757,0.279255761695951,0.335183463981563
"332",2003,"Employed Mothers","warm","Feminist",0.692780387161243,0.664816536018437,0.720744238304049
"333",2003,"Family","hdecide","Conventional",0.327051496414607,0.297747444573804,0.356355548255411
"334",2003,"Family","hdecide","Feminist",0.672948503585393,0.643644451744589,0.702252555426196
"335",2003,"Family","home","Conventional",0.508958963461503,0.478228136236,0.539689790687006
"336",2003,"Family","home","Feminist",0.491041036538497,0.460310209312994,0.521771863764
"337",2004,"Public","jobopp","Conventional",0.137797794432353,0.117753933888649,0.157841654976058
"338",2004,"Public","jobopp","Feminist",0.862202205567647,0.842158345023942,0.882246066111351
"339",2004,"Public","lead","Conventional",0.1070589868114,0.0894942775146972,0.124623696108103
"340",2004,"Public","lead","Feminist",0.8929410131886,0.875376303891897,0.910505722485303
"341",2004,"Employed Mothers","suffer","Conventional",0.475823583782362,0.446140555162846,0.505506612401878
"342",2004,"Employed Mothers","suffer","Feminist",0.524176416217638,0.494493387598122,0.553859444837154
"343",2004,"Employed Mothers","warm","Conventional",0.311324903570457,0.283845561102732,0.338804246038183
"344",2004,"Employed Mothers","warm","Feminist",0.688675096429543,0.661195753961817,0.716154438897268
"345",2004,"Family","hdecide","Conventional",0.317086957078929,0.290214221611824,0.343959692546033
"346",2004,"Family","hdecide","Feminist",0.682913042921071,0.656040307453967,0.709785778388176
"347",2004,"Family","home","Conventional",0.522642039801554,0.492957112382273,0.552326967220834
"348",2004,"Family","home","Feminist",0.477357960198446,0.447673032779166,0.507042887617727
"349",2005,"Public","jobopp","Conventional",0.137156344791238,0.117062810846466,0.157249878736009
"350",2005,"Public","jobopp","Feminist",0.862843655208762,0.842750121263991,0.882937189153534
"351",2005,"Public","lead","Conventional",0.122480117589236,0.102532147717027,0.142428087461444
"352",2005,"Public","lead","Feminist",0.877519882410764,0.857571912538556,0.897467852282973
"353",2005,"Employed Mothers","suffer","Conventional",0.486080369457613,0.456990632600176,0.51517010631505
"354",2005,"Employed Mothers","suffer","Feminist",0.513919630542387,0.48482989368495,0.543009367399824
"355",2005,"Employed Mothers","warm","Conventional",0.324687553753113,0.297114377987202,0.352260729519025
"356",2005,"Employed Mothers","warm","Feminist",0.675312446246887,0.647739270480975,0.702885622012798
"357",2005,"Family","hdecide","Conventional",0.322944383899849,0.296087643965391,0.349801123834306
"358",2005,"Family","hdecide","Feminist",0.677055616100151,0.650198876165694,0.703912356034609
"359",2005,"Family","home","Conventional",0.510700626000992,0.481623368142661,0.539777883859323
"360",2005,"Family","home","Feminist",0.489299373999008,0.460222116140677,0.51837663185734
"361",2006,"Public","jobopp","Conventional",0.109935766830877,0.0914906566909588,0.128380876970795
"362",2006,"Public","jobopp","Feminist",0.890064233169123,0.871619123029205,0.908509343309041
"363",2006,"Public","lead","Conventional",0.0849179046338878,0.0687229540065336,0.101112855261242
"364",2006,"Public","lead","Feminist",0.915082095366112,0.898887144738758,0.931277045993466
"365",2006,"Employed Mothers","suffer","Conventional",0.468650794021823,0.439183952156141,0.498117635887505
"366",2006,"Employed Mothers","suffer","Feminist",0.531349205978177,0.501882364112495,0.560816047843859
"367",2006,"Employed Mothers","warm","Conventional",0.313613082950448,0.286089764579208,0.341136401321687
"368",2006,"Employed Mothers","warm","Feminist",0.686386917049552,0.658863598678313,0.713910235420792
"369",2006,"Family","hdecide","Conventional",0.340582483732912,0.312451682561987,0.368713284903837
"370",2006,"Family","hdecide","Feminist",0.659417516267088,0.631286715096163,0.687548317438013
"371",2006,"Family","home","Conventional",0.54732859403334,0.518160296157061,0.57649689190962
"372",2006,"Family","home","Feminist",0.45267140596666,0.42350310809038,0.481839703842939
"373",2007,"Public","jobopp","Conventional",0.129358669434798,0.110172305356619,0.148545033512977
"374",2007,"Public","jobopp","Feminist",0.870641330565202,0.851454966487023,0.889827694643381
"375",2007,"Public","lead","Conventional",0.11935988455486,0.100730851219616,0.137988917890103
"376",2007,"Public","lead","Feminist",0.88064011544514,0.862011082109897,0.899269148780384
"377",2007,"Employed Mothers","suffer","Conventional",0.461633231296851,0.432403499704899,0.490862962888802
"378",2007,"Employed Mothers","suffer","Feminist",0.538366768703149,0.509137037111198,0.567596500295101
"379",2007,"Employed Mothers","warm","Conventional",0.298498863491899,0.271977594967347,0.325020132016451
"380",2007,"Employed Mothers","warm","Feminist",0.701501136508101,0.674979867983549,0.728022405032653
"381",2007,"Family","hdecide","Conventional",0.375097735193344,0.346623661149973,0.403571809236715
"382",2007,"Family","hdecide","Feminist",0.624902264806656,0.596428190763285,0.653376338850027
"383",2007,"Family","home","Conventional",0.53316882037887,0.503988972445155,0.562348668312584
"384",2007,"Family","home","Feminist",0.46683117962113,0.437651331687416,0.496011027554845
"385",2008,"Public","jobopp","Conventional",0.116521766565464,0.09633288054081,0.136710652590118
"386",2008,"Public","jobopp","Feminist",0.883478233434536,0.863289347409883,0.90366711945919
"387",2008,"Public","lead","Conventional",0.118140430733277,0.0971096710504684,0.139171190416085
"388",2008,"Public","lead","Feminist",0.881859569266723,0.860828809583915,0.902890328949532
"389",2008,"Employed Mothers","suffer","Conventional",0.43444253756064,0.402651649767896,0.466233425353383
"390",2008,"Employed Mothers","suffer","Feminist",0.56555746243936,0.533766574646617,0.597348350232104
"391",2008,"Employed Mothers","warm","Conventional",0.285718147793928,0.256782460454721,0.314653835133135
"392",2008,"Employed Mothers","warm","Feminist",0.714281852206072,0.685346164866865,0.743217539545279
"393",2008,"Family","hdecide","Conventional",0.348116136992976,0.318270658084281,0.37796161590167
"394",2008,"Family","hdecide","Feminist",0.651883863007024,0.622038384098329,0.681729341915719
"395",2008,"Family","home","Conventional",0.546089794844682,0.514144633227682,0.578034956461683
"396",2008,"Family","home","Feminist",0.453910205155318,0.421965043538317,0.485855366772318
"397",2009,"Public","jobopp","Conventional",0.132947746841879,0.10959924064664,0.156296253037118
"398",2009,"Public","jobopp","Feminist",0.867052253158121,0.843703746962882,0.89040075935336
"399",2009,"Public","lead","Conventional",0.114390203299731,0.0926517674383327,0.13612863916113
"400",2009,"Public","lead","Feminist",0.885609796700269,0.86387136083887,0.907348232561667
"401",2009,"Employed Mothers","suffer","Conventional",0.417337281378083,0.383639884492519,0.451034678263646
"402",2009,"Employed Mothers","suffer","Feminist",0.582662718621917,0.548965321736353,0.616360115507481
"403",2009,"Employed Mothers","warm","Conventional",0.266729891071195,0.236143573345267,0.297316208797123
"404",2009,"Employed Mothers","warm","Feminist",0.733270108928805,0.702683791202877,0.763856426654733
"405",2009,"Family","hdecide","Conventional",0.344054810358405,0.312805191743055,0.375304428973755
"406",2009,"Family","hdecide","Feminist",0.655945189641595,0.624695571026245,0.687194808256945
"407",2009,"Family","home","Conventional",0.536730807729604,0.502967058506939,0.570494556952269
"408",2009,"Family","home","Feminist",0.463269192270396,0.429505443047731,0.497032941493061
"409",2010,"Public","jobopp","Conventional",0.141736910286747,0.118433944519183,0.165039876054312
"410",2010,"Public","jobopp","Feminist",0.858263089713253,0.834960123945688,0.881566055480817
"411",2010,"Public","lead","Conventional",0.108237667021604,0.0882707793237117,0.128204554719497
"412",2010,"Public","lead","Feminist",0.891762332978396,0.871795445280503,0.911729220676288
"413",2010,"Employed Mothers","suffer","Conventional",0.449201031309553,0.417266432397674,0.481135630221432
"414",2010,"Employed Mothers","suffer","Feminist",0.550798968690447,0.518864369778568,0.582733567602326
"415",2010,"Employed Mothers","warm","Conventional",0.307772748017158,0.278076010642332,0.337469485391983
"416",2010,"Employed Mothers","warm","Feminist",0.692227251982842,0.662530514608017,0.721923989357668
"417",2010,"Family","hdecide","Conventional",0.365706657473053,0.335806569856272,0.395606745089834
"418",2010,"Family","hdecide","Feminist",0.634293342526946,0.604393254910165,0.664193430143727
"419",2010,"Family","home","Conventional",0.565895726796771,0.53416668429687,0.597624769296673
"420",2010,"Family","home","Feminist",0.434104273203229,0.402375230703327,0.46583331570313
"421",2011,"Public","jobopp","Conventional",0.113371459974096,0.0936614071052606,0.133081512842931
"422",2011,"Public","jobopp","Feminist",0.886628540025904,0.866918487157069,0.906338592894739
"423",2011,"Public","lead","Conventional",0.0961436340922144,0.0777378364387427,0.114549431745686
"424",2011,"Public","lead","Feminist",0.903856365907786,0.885450568254314,0.922262163561257
"425",2011,"Employed Mothers","suffer","Conventional",0.438129049893628,0.405955691684983,0.470302408102273
"426",2011,"Employed Mothers","suffer","Feminist",0.561870950106372,0.529697591897727,0.594044308315017
"427",2011,"Employed Mothers","warm","Conventional",0.275420167438062,0.246532478699772,0.304307856176351
"428",2011,"Employed Mothers","warm","Feminist",0.724579832561938,0.695692143823649,0.753467521300228
"429",2011,"Family","hdecide","Conventional",0.376160244411172,0.346101162673956,0.406219326148388
"430",2011,"Family","hdecide","Feminist",0.623839755588828,0.593780673851612,0.653898837326044
"431",2011,"Family","home","Conventional",0.575218165528743,0.543286984972873,0.607149346084612
"432",2011,"Family","home","Feminist",0.424781834471257,0.392850653915388,0.456713015027127
"433",2012,"Public","jobopp","Conventional",0.111941136774579,0.0913756362682525,0.132506637280905
"434",2012,"Public","jobopp","Feminist",0.888058863225421,0.867493362719095,0.908624363731748
"435",2012,"Public","lead","Conventional",0.105602591191262,0.0844744845319595,0.126730697850565
"436",2012,"Public","lead","Feminist",0.894397408808738,0.873269302149435,0.915525515468041
"437",2012,"Employed Mothers","suffer","Conventional",0.404479371014811,0.370672999834145,0.438285742195478
"438",2012,"Employed Mothers","suffer","Feminist",0.595520628985189,0.561714257804523,0.629327000165855
"439",2012,"Employed Mothers","warm","Conventional",0.281344506666585,0.250305250338344,0.312383762994826
"440",2012,"Employed Mothers","warm","Feminist",0.718655493333415,0.687616237005174,0.749694749661656
"441",2012,"Family","hdecide","Conventional",0.398684253658244,0.365092242900448,0.432276264416041
"442",2012,"Family","hdecide","Feminist",0.601315746341756,0.567723735583959,0.634907757099552
"443",2012,"Family","home","Conventional",0.564793455153816,0.530615895812922,0.598971014494709
"444",2012,"Family","home","Feminist",0.435206544846185,0.401028985505291,0.469384104187078
"445",2013,"Public","jobopp","Conventional",0.127613115125465,0.105689900474591,0.149536329776338
"446",2013,"Public","jobopp","Feminist",0.872386884874535,0.850463670223662,0.894310099525409
"447",2013,"Public","lead","Conventional",0.106423868701134,0.0857673442031445,0.127080393199124
"448",2013,"Public","lead","Feminist",0.893576131298866,0.872919606800876,0.914232655796856
"449",2013,"Employed Mothers","suffer","Conventional",0.395166572193978,0.362894931792377,0.427438212595579
"450",2013,"Employed Mothers","suffer","Feminist",0.604833427806022,0.572561787404421,0.637105068207623
"451",2013,"Employed Mothers","warm","Conventional",0.253198730167496,0.224385886407949,0.282011573927044
"452",2013,"Employed Mothers","warm","Feminist",0.746801269832504,0.717988426072956,0.775614113592051
"453",2013,"Family","hdecide","Conventional",0.375929758349939,0.344502024498526,0.407357492201352
"454",2013,"Family","hdecide","Feminist",0.624070241650061,0.592642507798648,0.655497975501474
"455",2013,"Family","home","Conventional",0.56462957136735,0.531690138331038,0.597569004403662
"456",2013,"Family","home","Feminist",0.43537042863265,0.402430995596338,0.468309861668962
"457",2014,"Public","jobopp","Conventional",0.124470609982626,0.101269821355602,0.147671398609651
"458",2014,"Public","jobopp","Feminist",0.875529390017374,0.852328601390349,0.898730178644398
"459",2014,"Public","lead","Conventional",0.0818891981100331,0.0644751246385375,0.0993032715815288
"460",2014,"Public","lead","Feminist",0.918110801889967,0.900696728418471,0.935524875361463
"461",2014,"Employed Mothers","suffer","Conventional",0.393865486224758,0.359602775514242,0.428128196935274
"462",2014,"Employed Mothers","suffer","Feminist",0.606134513775242,0.571871803064726,0.640397224485758
"463",2014,"Employed Mothers","warm","Conventional",0.229706522752321,0.19985143238392,0.259561613120722
"464",2014,"Employed Mothers","warm","Feminist",0.770293477247679,0.740438386879278,0.80014856761608
"465",2014,"Family","hdecide","Conventional",0.374721177209649,0.341567325359427,0.407875029059871
"466",2014,"Family","hdecide","Feminist",0.625278822790351,0.592124970940129,0.658432674640573
"467",2014,"Family","home","Conventional",0.547681850380189,0.513228911371734,0.582134789388644
"468",2014,"Family","home","Feminist",0.452318149619811,0.417865210611356,0.486771088628266
"469",2015,"Public","jobopp","Conventional",0.103238589761696,0.083440182521573,0.123036997001819
"470",2015,"Public","jobopp","Feminist",0.896761410238304,0.876963002998181,0.916559817478427
"471",2015,"Public","lead","Conventional",0.0935146554933212,0.0726089921478474,0.114420318838795
"472",2015,"Public","lead","Feminist",0.906485344506679,0.885579681161205,0.927391007852153
"473",2015,"Employed Mothers","suffer","Conventional",0.394200582192858,0.36043148565419,0.427969678731527
"474",2015,"Employed Mothers","suffer","Feminist",0.605799417807142,0.572030321268473,0.63956851434581
"475",2015,"Employed Mothers","warm","Conventional",0.242723580734962,0.214007677805387,0.271439483664537
"476",2015,"Employed Mothers","warm","Feminist",0.757276419265038,0.728560516335463,0.785992322194613
"477",2015,"Family","hdecide","Conventional",0.36055330184398,0.327621522858121,0.393485080829839
"478",2015,"Family","hdecide","Feminist",0.63944669815602,0.606514919170161,0.672378477141879
"479",2015,"Family","home","Conventional",0.528965647082791,0.494717328205759,0.563213965959823
"480",2015,"Family","home","Feminist",0.471034352917209,0.436786034040177,0.50528267179424
"481",2016,"Public","jobopp","Conventional",0.120882324901734,0.0964170652777458,0.145347584525723
"482",2016,"Public","jobopp","Feminist",0.879117675098266,0.854652415474277,0.903582934722254
"483",2016,"Public","lead","Conventional",0.0932110823784706,0.0731563155198338,0.113265849237107
"484",2016,"Public","lead","Feminist",0.906788917621529,0.886734150762893,0.926843684480166
"485",2016,"Employed Mothers","suffer","Conventional",0.348359867777579,0.313472711339596,0.383247024215562
"486",2016,"Employed Mothers","suffer","Feminist",0.651640132222421,0.616752975784438,0.686527288660404
"487",2016,"Employed Mothers","warm","Conventional",0.235828792435516,0.205708637931447,0.265948946939585
"488",2016,"Employed Mothers","warm","Feminist",0.764171207564484,0.734051053060415,0.794291362068553
"489",2016,"Family","hdecide","Conventional",0.38074501249233,0.346443650155845,0.415046374828814
"490",2016,"Family","hdecide","Feminist",0.61925498750767,0.584953625171186,0.653556349844155
"491",2016,"Family","home","Conventional",0.51258112211584,0.475879438689169,0.549282805542511
"492",2016,"Family","home","Feminist",0.48741887788416,0.450717194457489,0.524120561310831
"493",2017,"Public","jobopp","Conventional",0.095701572697717,0.0744994318742742,0.11690371352116
"494",2017,"Public","jobopp","Feminist",0.904298427302283,0.88309628647884,0.925500568125726
"495",2017,"Public","lead","Conventional",0.0814722185662774,0.0607653523526048,0.10217908477995
"496",2017,"Public","lead","Feminist",0.918527781433723,0.89782091522005,0.939234647647395
"497",2017,"Employed Mothers","suffer","Conventional",0.359211463414,0.322636936627762,0.395785990200238
"498",2017,"Employed Mothers","suffer","Feminist",0.640788536586,0.604214009799762,0.677363063372238
"499",2017,"Employed Mothers","warm","Conventional",0.207577198793648,0.176991305831068,0.238163091756227
"500",2017,"Employed Mothers","warm","Feminist",0.792422801206352,0.761836908243773,0.823008694168932
"501",2017,"Family","hdecide","Conventional",0.326489653115688,0.29228259551867,0.360696710712706
"502",2017,"Family","hdecide","Feminist",0.673510346884312,0.639303289287294,0.70771740448133
"503",2017,"Family","home","Conventional",0.485832210165742,0.447802007517898,0.523862412813585
"504",2017,"Family","home","Feminist",0.514167789834258,0.476137587186414,0.552197992482102
"505",2018,"Public","jobopp","Conventional",0.0895998634690674,0.0690672420814794,0.110132484856656
"506",2018,"Public","jobopp","Feminist",0.910400136530933,0.889867515143345,0.930932757918521
"507",2018,"Public","lead","Conventional",0.0647699224603406,0.047154176046677,0.0823856688740043
"508",2018,"Public","lead","Feminist",0.935230077539659,0.917614331125996,0.952845823953323
"509",2018,"Family","hdecide","Conventional",0.318749136161734,0.285487033320588,0.352011239002881
"510",2018,"Family","hdecide","Feminist",0.681250863838266,0.647988760997119,0.714512966679412
"511",2018,"Family","home","Conventional",0.457909437749248,0.422398133731258,0.493420741767237
"512",2018,"Family","home","Feminist",0.542090562250752,0.506579258232763,0.577601866268742
"513",2019,"Public","jobopp","Conventional",0.106151038064417,0.0853639277347286,0.126938148394105
"514",2019,"Public","jobopp","Feminist",0.893848961935583,0.873061851605895,0.914636072265271
"515",2019,"Public","lead","Conventional",0.0652624638954856,0.0496203962130678,0.0809045315779034
"516",2019,"Public","lead","Feminist",0.934737536104514,0.919095468422097,0.950379603786932
"517",2019,"Family","hdecide","Conventional",0.36424887432129,0.330347013812421,0.398150734830159
"518",2019,"Family","hdecide","Feminist",0.63575112567871,0.601849265169841,0.669652986187579
"519",2019,"Family","home","Conventional",0.492870303914389,0.458381726292911,0.527358881535868
"520",2019,"Family","home","Feminist",0.507129696085611,0.472641118464132,0.541618273707089
"521",2020,"Public","jobopp","Conventional",0.120156852917689,0.073866707628875,0.166446998206503
"522",2020,"Public","jobopp","Feminist",0.879843147082311,0.833553001793497,0.926133292371125
"523",2020,"Public","lead","Conventional",0.0883610217818304,0.0472841927363883,0.129437850827272
"524",2020,"Public","lead","Feminist",0.91163897821817,0.870562149172727,0.952715807263612
"525",2020,"Family","hdecide","Conventional",0.337024185473115,0.275361991741125,0.398686379205104
"526",2020,"Family","hdecide","Feminist",0.662975814526885,0.601313620794896,0.724638008258875
"527",2020,"Family","home","Conventional",0.511275722749452,0.444276400437975,0.578275045060928
"528",2020,"Family","home","Feminist",0.488724277250548,0.421724954939072,0.555723599562025
"529",2021,"Family","hdecide","Conventional",0.381320423648698,0.260323808625974,0.502317038671421
"530",2021,"Family","hdecide","Feminist",0.618679576351302,0.497682961328579,0.739676191374026
